person_id,person_name,hobbies
1,Daniel Aguilar,Music & Cooking
2,Alejandro Meyer,Sports & Photography
3,Leslie Oliver,Painting & Traveling
4,Mark Horton,Gaming & Photography
5,Corey Rivera,Traveling & Sports
6,Eric Johnston,Traveling & Sports
7,Joshua Hobbs,Cycling & Dancing
8,Lisa Foster,Music & Dancing
9,Andrea Thompson,Gaming & Music
10,Jason Edwards,Painting & Cooking
11,Christopher Lee,Painting & Traveling
12,Paul Allen,Photography & Dancing
13,Alexander Perkins,Music & Cooking
14,Brooke Williams,Photography & Gaming
15,Kimberly Petersen,Music & Traveling
16,Roger Pierce,Reading & Cycling
17,Matthew Fisher,Dancing & Cycling
18,Thomas Douglas,Painting & Dancing
19,Brandon Mathews,Gaming & Music
20,David Hendricks,Music & Reading
